Configuration_NodeType_Items,15005,Object
Configuration_NodeType_Items_Item1,15006,Object
Configuration_NodeType_Items_Item1_ActivationState,15007,Variable
Configuration_NodeType_Items_Item1_PreloadState,15008,Variable
Configuration_NodeType_Items_Item1_ConfigurationItemId,15009,Variable
Configuration_NodeType_Items_Item1_CurrentVersion,15010,Variable
Configuration_NodeType_Items_Item1_PreloadedVersion,15011,Variable
Configuration_NodeType_Items_Item1_PreloadFile,15012,Object
Configuration_NodeType_Items_Item1_PreloadFile_Size,15013,Variable
Configuration_NodeType_Items_Item1_PreloadFile_Writable,15014,Variable
Configuration_NodeType_Items_Item1_PreloadFile_UserWritable,15015,Variable
Configuration_NodeType_Items_Item1_PreloadFile_OpenCount,15016,Variable
Configuration_NodeType_Items_Item1_PreloadFile_MimeType,15017,Variable
Configuration_NodeType_Items_Item1_PreloadFile_Open,15018,Method
Configuration_NodeType_Items_Item1_PreloadFile_Open_InputArguments,15019,Variable
Configuration_NodeType_Items_Item1_PreloadFile_Open_OutputArguments,15020,Variable
Configuration_NodeType_Items_Item1_PreloadFile_Close,15021,Method
Configuration_NodeType_Items_Item1_PreloadFile_Close_InputArguments,15022,Variable
Configuration_NodeType_Items_Item1_PreloadFile_Read,15023,Method
Configuration_NodeType_Items_Item1_PreloadFile_Read_InputArguments,15024,Variable
Configuration_NodeType_Items_Item1_PreloadFile_Read_OutputArguments,15025,Variable
Configuration_NodeType_Items_Item1_PreloadFile_Write,15026,Method
Configuration_NodeType_Items_Item1_PreloadFile_Write_InputArguments,15027,Variable
Configuration_NodeType_Items_Item1_PreloadFile_GetPosition,15028,Method
Configuration_NodeType_Items_Item1_PreloadFile_GetPosition_InputArguments,15029,Variable
Configuration_NodeType_Items_Item1_PreloadFile_GetPosition_OutputArguments,15030,Variable
Configuration_NodeType_Items_Item1_PreloadFile_SetPosition,15031,Method
Configuration_NodeType,15032,ObjectType
Configuration_NodeType_Items_Item1_PreloadFile_SetPosition_InputArguments,15033,Variable
Configuration_NodeType_Items_Item1_Signature,15034,Object
Configuration_NodeType_Items_Item1_Signature_Size,15035,Variable
Configuration_NodeType_Items_Item1_Signature_Writable,15036,Variable
RemoteExecution_NodeType,15037,Method
Configuration_NodeType_Items_Item1_Signature_UserWritable,15038,Variable
Configuration_NodeType_Items_Item1_Signature_OpenCount,15039,Variable
Configuration_NodeType_Items_Item1_Signature_MimeType,15040,Variable
Configuration_NodeType_Items_Item1_Signature_Open,15041,Method
Configuration_NodeType_Items_Item1_Signature_Open_InputArguments,15042,Variable
Configuration_NodeType_Items_Item1_Signature_Open_OutputArguments,15043,Variable
Configuration_NodeType_Items_Item1_Signature_Close,15044,Method
Configuration_NodeType_Items_Item1_Signature_Close_InputArguments,15045,Variable
Configuration_NodeType_Items_Item1_Signature_Read,15046,Method
Configuration_NodeType_Items_Item1_Signature_Read_InputArguments,15047,Variable
Configuration_NodeType_Items_Item1_Signature_Read_OutputArguments,15048,Variable
Configuration_NodeType_Items_Item1_Signature_Write,15049,Method
Configuration_NodeType_Items_Item1_Signature_Write_InputArguments,15050,Variable
Configuration_NodeType_Items_Item1_Signature_GetPosition,15051,Method
Configuration_NodeType_Items_Item1_Signature_GetPosition_InputArguments,15052,Variable
Configuration_NodeType_Items_Item1_Signature_GetPosition_OutputArguments,15053,Variable
Configuration_NodeType_Items_Item1_Signature_SetPosition,15054,Method
Configuration_NodeType_Items_Item1_Signature_SetPosition_InputArguments,15055,Variable
Configuration_NodeType_Items_Item1_AbortUpdateProcess,15056,Method
Configuration_NodeType_Items_Item1_Activate,15057,Method
Configuration_NodeType_Items_Item1_isSafetyRelevant,15058,Variable
Configuration_NodeType_Items_Item2,15059,Object
Configuration_NodeType_Items_Item2_ActivationState,15060,Variable
Configuration_NodeType_Items_Item2_PreloadState,15061,Variable
Configuration_NodeType_Items_Item2_ConfigurationItemId,15062,Variable
Configuration_NodeType_Items_Item2_CurrentVersion,15063,Variable
Configuration_NodeType_Items_Item2_PreloadedVersion,15064,Variable
Configuration_NodeType_Items_Item2_PreloadFile,15065,Object
Configuration_NodeType_Items_Item2_PreloadFile_Size,15066,Variable
Configuration_NodeType_Items_Item2_PreloadFile_Writable,15067,Variable
Configuration_NodeType_Items_Item2_PreloadFile_UserWritable,15068,Variable
Configuration_NodeType_Items_Item2_PreloadFile_OpenCount,15069,Variable
Configuration_NodeType_Items_Item2_PreloadFile_MimeType,15070,Variable
Configuration_NodeType_Items_Item2_PreloadFile_Open,15071,Method
Configuration_NodeType_Items_Item2_PreloadFile_Open_InputArguments,15072,Variable
Configuration_NodeType_Items_Item2_PreloadFile_Open_OutputArguments,15073,Variable
Configuration_NodeType_Items_Item2_PreloadFile_Close,15074,Method
Configuration_NodeType_Items_Item2_PreloadFile_Close_InputArguments,15075,Variable
Configuration_NodeType_Items_Item2_PreloadFile_Read,15076,Method
Configuration_NodeType_Items_Item2_PreloadFile_Read_InputArguments,15077,Variable
Configuration,15078,Object
RemoteExecution_NodeType_OutputArguments,15079,Variable
Item_NodeType,15080,ObjectType
Item_NodeType_ActivationState,15081,Variable
Item_NodeType_PreloadState,15082,Variable
Item_NodeType_ConfigurationItemId,15083,Variable
Item_NodeType_CurrentVersion,15084,Variable
Item_NodeType_PreloadedVersion,15085,Variable
Item_NodeType_PreloadFile,15086,Object
Item_NodeType_PreloadFile_Size,15087,Variable
Item_NodeType_PreloadFile_Writable,15088,Variable
Item_NodeType_PreloadFile_UserWritable,15089,Variable
Item_NodeType_PreloadFile_OpenCount,15090,Variable
Item_NodeType_PreloadFile_MimeType,15091,Variable
Item_NodeType_PreloadFile_Open,15092,Method
Item_NodeType_PreloadFile_Open_InputArguments,15093,Variable
Item_NodeType_PreloadFile_Open_OutputArguments,15094,Variable
Item_NodeType_PreloadFile_Close,15095,Method
Item_NodeType_PreloadFile_Close_InputArguments,15096,Variable
Item_NodeType_PreloadFile_Read,15097,Method
Item_NodeType_PreloadFile_Read_InputArguments,15098,Variable
Item_NodeType_PreloadFile_Read_OutputArguments,15099,Variable
Item_NodeType_PreloadFile_Write,15100,Method
Item_NodeType_PreloadFile_Write_InputArguments,15101,Variable
Item_NodeType_PreloadFile_GetPosition,15102,Method
Item_NodeType_PreloadFile_GetPosition_InputArguments,15103,Variable
Item_NodeType_PreloadFile_GetPosition_OutputArguments,15104,Variable
Item_NodeType_PreloadFile_SetPosition,15105,Method
Item_NodeType_PreloadFile_SetPosition_InputArguments,15106,Variable
Item_NodeType_Signature,15107,Object
Item_NodeType_Signature_Size,15108,Variable
Item_NodeType_Signature_Writable,15109,Variable
Item_NodeType_Signature_UserWritable,15110,Variable
Item_NodeType_Signature_OpenCount,15111,Variable
Item_NodeType_Signature_MimeType,15112,Variable
Item_NodeType_Signature_Open,15113,Method
Item_NodeType_Signature_Open_InputArguments,15114,Variable
Item_NodeType_Signature_Open_OutputArguments,15115,Variable
Item_NodeType_Signature_Close,15116,Method
Item_NodeType_Signature_Close_InputArguments,15117,Variable
Item_NodeType_Signature_Read,15118,Method
Item_NodeType_Signature_Read_InputArguments,15119,Variable
Item_NodeType_Signature_Read_OutputArguments,15120,Variable
Item_NodeType_Signature_Write,15121,Method
Item_NodeType_Signature_Write_InputArguments,15122,Variable
Item_NodeType_Signature_GetPosition,15123,Method
Item_NodeType_Signature_GetPosition_InputArguments,15124,Variable
Item_NodeType_Signature_GetPosition_OutputArguments,15125,Variable
Item_NodeType_Signature_SetPosition,15126,Method
Item_NodeType_Signature_SetPosition_InputArguments,15127,Variable
Configuration_NodeType_Items_Item2_PreloadFile_Read_OutputArguments,15128,Variable
Configuration_NodeType_Items_Item2_PreloadFile_Write,15129,Method
Configuration_NodeType_Items_Item2_PreloadFile_Write_InputArguments,15130,Variable
Configuration_NodeType_Items_Item2_PreloadFile_GetPosition,15131,Method
Configuration_NodeType_Items_Item2_PreloadFile_GetPosition_InputArguments,15132,Variable
Configuration_NodeType_Items_Item2_PreloadFile_GetPosition_OutputArguments,15133,Variable
Configuration_NodeType_Items_Item2_PreloadFile_SetPosition,15134,Method
Configuration_NodeType_Items_Item2_PreloadFile_SetPosition_InputArguments,15135,Variable
Configuration_NodeType_Items_Item2_Signature,15136,Object
Configuration_NodeType_Items_Item2_Signature_Size,15137,Variable
Configuration_NodeType_Items_Item2_Signature_Writable,15138,Variable
Configuration_NodeType_Items_Item2_Signature_UserWritable,15139,Variable
Configuration_NodeType_Items_Item2_Signature_OpenCount,15140,Variable
Configuration_NodeType_Items_Item2_Signature_MimeType,15141,Variable
Configuration_NodeType_Items_Item2_Signature_Open,15142,Method
Configuration_NodeType_Items_Item2_Signature_Open_InputArguments,15143,Variable
Configuration_NodeType_Items_Item2_Signature_Open_OutputArguments,15144,Variable
Configuration_NodeType_Items_Item2_Signature_Close,15145,Method
Configuration_NodeType_Items_Item2_Signature_Close_InputArguments,15146,Variable
Configuration_NodeType_Items_Item2_Signature_Read,15147,Method
Configuration_NodeType_Items_Item2_Signature_Read_InputArguments,15148,Variable
Configuration_NodeType_Items_Item2_Signature_Read_OutputArguments,15149,Variable
Configuration_NodeType_Items_Item2_Signature_Write,15150,Method
Configuration_NodeType_Items_Item2_Signature_Write_InputArguments,15151,Variable
Configuration_NodeType_Items_Item2_Signature_GetPosition,15152,Method
Configuration_NodeType_Items_Item2_Signature_GetPosition_InputArguments,15153,Variable
Configuration_NodeType_Items_Item2_Signature_GetPosition_OutputArguments,15154,Variable
Configuration_NodeType_Items_Item2_Signature_SetPosition,15155,Method
Configuration_NodeType_Items_Item2_Signature_SetPosition_InputArguments,15156,Variable
Configuration_NodeType_Items_Item2_AbortUpdateProcess,15157,Method
Configuration_NodeType_Items_Item2_Activate,15158,Method
Configuration_NodeType_Items_Item2_isSafetyRelevant,15159,Variable
Configuration_NodeType_Items_Item3,15160,Object
Configuration_NodeType_Items_Item3_ActivationState,15161,Variable
Configuration_NodeType_Items_Item3_PreloadState,15162,Variable
Configuration_NodeType_Items_Item3_ConfigurationItemId,15163,Variable
Configuration_NodeType_Items_Item3_CurrentVersion,15164,Variable
Configuration_NodeType_Items_Item3_PreloadedVersion,15165,Variable
Configuration_NodeType_Items_Item3_PreloadFile,15166,Object
Configuration_NodeType_Items_Item3_PreloadFile_Size,15167,Variable
Configuration_NodeType_Items_Item3_PreloadFile_Writable,15168,Variable
Configuration_NodeType_Items_Item3_PreloadFile_UserWritable,15169,Variable
Configuration_NodeType_Items_Item3_PreloadFile_OpenCount,15170,Variable
Configuration_NodeType_Items_Item3_PreloadFile_MimeType,15171,Variable
Configuration_NodeType_Items_Item3_PreloadFile_Open,15172,Method
Configuration_NodeType_Items_Item3_PreloadFile_Open_InputArguments,15173,Variable
Configuration_NodeType_Items_Item3_PreloadFile_Open_OutputArguments,15174,Variable
Configuration_NodeType_Items_Item3_PreloadFile_Close,15175,Method
Configuration_NodeType_Items_Item3_PreloadFile_Close_InputArguments,15176,Variable
Configuration_NodeType_Items_Item3_PreloadFile_Read,15177,Method
Configuration_NodeType_Items_Item3_PreloadFile_Read_InputArguments,15178,Variable
Configuration_NodeType_Items_Item3_PreloadFile_Read_OutputArguments,15179,Variable
Configuration_NodeType_Items_Item3_PreloadFile_Write,15180,Method
Configuration_NodeType_Items_Item3_PreloadFile_Write_InputArguments,15181,Variable
Configuration_NodeType_Items_Item3_PreloadFile_GetPosition,15182,Method
Configuration_NodeType_Items_Item3_PreloadFile_GetPosition_InputArguments,15183,Variable
Configuration_NodeType_Items_Item3_PreloadFile_GetPosition_OutputArguments,15184,Variable
Configuration_NodeType_Items_Item3_PreloadFile_SetPosition,15185,Method
Configuration_NodeType_Items_Item3_PreloadFile_SetPosition_InputArguments,15186,Variable
Configuration_NodeType_Items_Item3_Signature,15187,Object
Configuration_NodeType_Items_Item3_Signature_Size,15188,Variable
Configuration_NodeType_Items_Item3_Signature_Writable,15189,Variable
Configuration_NodeType_Items_Item3_Signature_UserWritable,15190,Variable
Configuration_NodeType_Items_Item3_Signature_OpenCount,15191,Variable
Configuration_NodeType_Items_Item3_Signature_MimeType,15192,Variable
Configuration_NodeType_Items_Item3_Signature_Open,15193,Method
Configuration_NodeType_Items_Item3_Signature_Open_InputArguments,15194,Variable
Configuration_NodeType_Items_Item3_Signature_Open_OutputArguments,15195,Variable
Configuration_NodeType_Items_Item3_Signature_Close,15196,Method
Configuration_NodeType_Items_Item3_Signature_Close_InputArguments,15197,Variable
Configuration_NodeType_Items_Item3_Signature_Read,15198,Method
Configuration_NodeType_Items_Item3_Signature_Read_InputArguments,15199,Variable
Configuration_NodeType_Items_Item3_Signature_Read_OutputArguments,15200,Variable
Configuration_NodeType_Items_Item3_Signature_Write,15201,Method
Configuration_NodeType_Items_Item3_Signature_Write_InputArguments,15202,Variable
Configuration_NodeType_Items_Item3_Signature_GetPosition,15203,Method
Configuration_NodeType_Items_Item3_Signature_GetPosition_InputArguments,15204,Variable
Configuration_NodeType_Items_Item3_Signature_GetPosition_OutputArguments,15205,Variable
Configuration_NodeType_Items_Item3_Signature_SetPosition,15206,Method
Configuration_NodeType_Items_Item3_Signature_SetPosition_InputArguments,15207,Variable
Configuration_NodeType_Items_Item3_AbortUpdateProcess,15208,Method
Configuration_NodeType_Items_Item3_Activate,15209,Method
Configuration_NodeType_Items_Item3_StepSafetyParameters,15210,Object
Configuration_NodeType_Items_Item3_StepSafetyParameters_ActivationParam,15211,Method
Configuration_NodeType_Items_Item3_StepSafetyParameters_Safety_Client_ID,15212,Variable
Item_NodeType_AbortUpdateProcess,15213,Method
Item_NodeType_Activate,15214,Method
Item_non_safety_NodeType,15215,ObjectType
Item_non_safety_NodeType_ActivationState,15216,Variable
Item_non_safety_NodeType_PreloadState,15217,Variable
Item_non_safety_NodeType_ConfigurationItemId,15218,Variable
Item_non_safety_NodeType_CurrentVersion,15219,Variable
Item_non_safety_NodeType_PreloadedVersion,15220,Variable
Item_non_safety_NodeType_PreloadFile,15221,Object
Item_non_safety_NodeType_PreloadFile_Size,15222,Variable
Item_non_safety_NodeType_PreloadFile_Writable,15223,Variable
Item_non_safety_NodeType_PreloadFile_UserWritable,15224,Variable
Item_non_safety_NodeType_PreloadFile_OpenCount,15225,Variable
Item_non_safety_NodeType_PreloadFile_MimeType,15226,Variable
Item_non_safety_NodeType_PreloadFile_Open,15227,Method
Item_non_safety_NodeType_PreloadFile_Open_InputArguments,15228,Variable
Item_non_safety_NodeType_PreloadFile_Open_OutputArguments,15229,Variable
Item_non_safety_NodeType_PreloadFile_Close,15230,Method
Item_non_safety_NodeType_PreloadFile_Close_InputArguments,15231,Variable
Item_non_safety_NodeType_PreloadFile_Read,15232,Method
Item_non_safety_NodeType_PreloadFile_Read_InputArguments,15233,Variable
Item_non_safety_NodeType_PreloadFile_Read_OutputArguments,15234,Variable
Item_non_safety_NodeType_PreloadFile_Write,15235,Method
Item_non_safety_NodeType_PreloadFile_Write_InputArguments,15236,Variable
Item_non_safety_NodeType_PreloadFile_GetPosition,15237,Method
Item_non_safety_NodeType_PreloadFile_GetPosition_InputArguments,15238,Variable
Item_non_safety_NodeType_PreloadFile_GetPosition_OutputArguments,15239,Variable
Item_non_safety_NodeType_PreloadFile_SetPosition,15240,Method
Item_non_safety_NodeType_PreloadFile_SetPosition_InputArguments,15241,Variable
Item_non_safety_NodeType_Signature,15242,Object
Item_non_safety_NodeType_Signature_Size,15243,Variable
Item_non_safety_NodeType_Signature_Writable,15244,Variable
Item_non_safety_NodeType_Signature_UserWritable,15245,Variable
Item_non_safety_NodeType_Signature_OpenCount,15246,Variable
Item_non_safety_NodeType_Signature_MimeType,15247,Variable
Item_non_safety_NodeType_Signature_Open,15248,Method
Item_non_safety_NodeType_Signature_Open_InputArguments,15249,Variable
Item_non_safety_NodeType_Signature_Open_OutputArguments,15250,Variable
Item_non_safety_NodeType_Signature_Close,15251,Method
Item_non_safety_NodeType_Signature_Close_InputArguments,15252,Variable
Item_non_safety_NodeType_Signature_Read,15253,Method
Item_non_safety_NodeType_Signature_Read_InputArguments,15254,Variable
Item_non_safety_NodeType_Signature_Read_OutputArguments,15255,Variable
Item_non_safety_NodeType_Signature_Write,15256,Method
Item_non_safety_NodeType_Signature_Write_InputArguments,15257,Variable
Item_non_safety_NodeType_Signature_GetPosition,15258,Method
Item_non_safety_NodeType_Signature_GetPosition_InputArguments,15259,Variable
Item_non_safety_NodeType_Signature_GetPosition_OutputArguments,15260,Variable
Item_non_safety_NodeType_Signature_SetPosition,15261,Method
Item_non_safety_NodeType_Signature_SetPosition_InputArguments,15262,Variable
Item_non_safety_NodeType_AbortUpdateProcess,15263,Method
Item_non_safety_NodeType_Activate,15264,Method
Item_non_safety_NodeType_isSafetyRelevant,15265,Variable
Item_safety_NodeType,15266,ObjectType
Item_safety_NodeType_ActivationState,15267,Variable
Item_safety_NodeType_PreloadState,15268,Variable
Item_safety_NodeType_ConfigurationItemId,15269,Variable
Item_safety_NodeType_CurrentVersion,15270,Variable
Item_safety_NodeType_PreloadedVersion,15271,Variable
Item_safety_NodeType_PreloadFile,15272,Object
Item_safety_NodeType_PreloadFile_Size,15273,Variable
Item_safety_NodeType_PreloadFile_Writable,15274,Variable
Item_safety_NodeType_PreloadFile_UserWritable,15275,Variable
Item_safety_NodeType_PreloadFile_OpenCount,15276,Variable
Item_safety_NodeType_PreloadFile_MimeType,15277,Variable
Item_safety_NodeType_PreloadFile_Open,15278,Method
Item_safety_NodeType_PreloadFile_Open_InputArguments,15279,Variable
Item_safety_NodeType_PreloadFile_Open_OutputArguments,15280,Variable
Item_safety_NodeType_PreloadFile_Close,15281,Method
Item_safety_NodeType_PreloadFile_Close_InputArguments,15282,Variable
Item_safety_NodeType_PreloadFile_Read,15283,Method
Item_safety_NodeType_PreloadFile_Read_InputArguments,15284,Variable
Item_safety_NodeType_PreloadFile_Read_OutputArguments,15285,Variable
Item_safety_NodeType_PreloadFile_Write,15286,Method
Item_safety_NodeType_PreloadFile_Write_InputArguments,15287,Variable
Item_safety_NodeType_PreloadFile_GetPosition,15288,Method
Item_safety_NodeType_PreloadFile_GetPosition_InputArguments,15289,Variable
Item_safety_NodeType_PreloadFile_GetPosition_OutputArguments,15290,Variable
Item_safety_NodeType_PreloadFile_SetPosition,15291,Method
Item_safety_NodeType_PreloadFile_SetPosition_InputArguments,15292,Variable
Item_safety_NodeType_Signature,15293,Object
Item_safety_NodeType_Signature_Size,15294,Variable
Item_safety_NodeType_Signature_Writable,15295,Variable
Item_safety_NodeType_Signature_UserWritable,15296,Variable
Item_safety_NodeType_Signature_OpenCount,15297,Variable
Item_safety_NodeType_Signature_MimeType,15298,Variable
Item_safety_NodeType_Signature_Open,15299,Method
Item_safety_NodeType_Signature_Open_InputArguments,15300,Variable
Item_safety_NodeType_Signature_Open_OutputArguments,15301,Variable
Item_safety_NodeType_Signature_Close,15302,Method
Item_safety_NodeType_Signature_Close_InputArguments,15303,Variable
Item_safety_NodeType_Signature_Read,15304,Method
Item_safety_NodeType_Signature_Read_InputArguments,15305,Variable
Item_safety_NodeType_Signature_Read_OutputArguments,15306,Variable
Item_safety_NodeType_Signature_Write,15307,Method
Item_safety_NodeType_Signature_Write_InputArguments,15308,Variable
Item_safety_NodeType_Signature_GetPosition,15309,Method
Item_safety_NodeType_Signature_GetPosition_InputArguments,15310,Variable
Item_safety_NodeType_Signature_GetPosition_OutputArguments,15311,Variable
Item_safety_NodeType_Signature_SetPosition,15312,Method
Item_safety_NodeType_Signature_SetPosition_InputArguments,15313,Variable
Item_safety_NodeType_AbortUpdateProcess,15314,Method
Configuration_NodeType_Items_Item3_StepSafetyParameters_Scrambled_GID_A,15315,Variable
Configuration_NodeType_Items_Item3_StepSafetyParameters_Scrambled_GID_B,15316,Variable
Configuration_NodeType_Items_Item3_StepSafetyParameters_Freshness_A_Primary,15317,Variable
Configuration_NodeType_Items_Item3_StepSafetyParameters_Freshness_B_Primary,15318,Variable
Configuration_NodeType_Items_Item3_StepSafetyParameters_Freshness_A_Secondary,15319,Variable
Configuration_NodeType_Items_Item3_StepSafetyParameters_Freshness_B_Secondary,15320,Variable
Configuration_NodeType_Items_Item3_StepSafetyParameters_Identification_A_Primary,15321,Variable
Configuration_NodeType_Items_Item3_StepSafetyParameters_Identification_B_Primary,15322,Variable
Configuration_NodeType_Items_Item3_StepSafetyParameters_Identification_A_Secondary,15323,Variable
Configuration_NodeType_Items_Item3_StepSafetyParameters_Identification_B_Secondary,15324,Variable
Configuration_NodeType_Items_Item3_StepSafetyParameters_Checksum1_A_Conf_Primary,15325,Variable
Configuration_NodeType_Items_Item3_StepSafetyParameters_Checksum1_B_Conf_Primary,15326,Variable
Configuration_NodeType_Items_Item3_StepSafetyParameters_Checksum1_A_CSS_Primary,15327,Variable
Configuration_NodeType_Items_Item3_StepSafetyParameters_Checksum1_B_CSS_Primary,15328,Variable
Configuration_NodeType_Items_Item3_StepSafetyParameters_Checksum1_A_Conf_Secondary,15329,Variable
Configuration_NodeType_Items_Item3_StepSafetyParameters_Checksum1_B_Conf_Secondary,15330,Variable
Configuration_NodeType_Items_Item3_StepSafetyParameters_Checksum1_A_CSS_Secondary,15331,Variable
Configuration_NodeType_Items_Item3_StepSafetyParameters_Checksum1_B_CSS_Secondary,15332,Variable
Configuration_NodeType_Items_Item3_StepSafetyParameters_Status_Primary,15333,Variable
Configuration_NodeType_Items_Item3_StepSafetyParameters_Status_Code_Primary,15334,Variable
Configuration_NodeType_Items_Item3_StepSafetyParameters_Status_Secondary,15335,Variable
Configuration_NodeType_Items_Item3_StepSafetyParameters_Status_Code_Secondary,15336,Variable
Configuration_NodeType_Items_Item3_StepSafetyParameters_Checksum2_A_Primary,15337,Variable
Configuration_NodeType_Items_Item3_StepSafetyParameters_Checksum2_B_Primary,15338,Variable
Configuration_NodeType_Items_Item3_StepSafetyParameters_Checksum2_A_Secondary,15339,Variable
Configuration_NodeType_Items_Item3_StepSafetyParameters_Checksum2_B_Secondary,15340,Variable
Configuration_NodeType_Items_Item3_StepSafetyParameters_Command_OpType,15341,Variable
Configuration_NodeType_Items_Item3_StepSafetyParameters_Command_SubOptType,15342,Variable
Configuration_NodeType_Items_Item3_isSafetyRelevant,15343,Variable
Configuration_NodeType_Items_MaintainingFinished,15344,Method
Configuration_NodeType_Items_OperationState,15345,Variable
Configuration_NodeType_RemoteReset,15346,Object
Configuration_NodeType_RemoteReset_RemoteExecution,15347,Method
Configuration_NodeType_RemoteReset_RemoteExecution_OutputArguments,15348,Variable
Configuration_NodeType_RemoteReset_Executable,15349,Variable
StepSafetyParameters_NodeType,15350,ObjectType
StepSafetyParameters_NodeType_ActivationParam,15351,Method
StepSafetyParameters_NodeType_Safety_Client_ID,15352,Variable
StepSafetyParameters_NodeType_Scrambled_GID_A,15353,Variable
StepSafetyParameters_NodeType_Scrambled_GID_B,15354,Variable
StepSafetyParameters_NodeType_Freshness_A_Primary,15355,Variable
StepSafetyParameters_NodeType_Freshness_B_Primary,15356,Variable
StepSafetyParameters_NodeType_Freshness_A_Secondary,15357,Variable
StepSafetyParameters_NodeType_Freshness_B_Secondary,15358,Variable
StepSafetyParameters_NodeType_Identification_A_Primary,15359,Variable
StepSafetyParameters_NodeType_Identification_B_Primary,15360,Variable
StepSafetyParameters_NodeType_Identification_A_Secondary,15361,Variable
StepSafetyParameters_NodeType_Identification_B_Secondary,15362,Variable
StepSafetyParameters_NodeType_Checksum1_A_Conf_Primary,15363,Variable
StepSafetyParameters_NodeType_Checksum1_B_Conf_Primary,15364,Variable
StepSafetyParameters_NodeType_Checksum1_A_CSS_Primary,15365,Variable
StepSafetyParameters_NodeType_Checksum1_B_CSS_Primary,15366,Variable
StepSafetyParameters_NodeType_Checksum1_A_Conf_Secondary,15367,Variable
StepSafetyParameters_NodeType_Checksum1_B_Conf_Secondary,15368,Variable
StepSafetyParameters_NodeType_Checksum1_A_CSS_Secondary,15369,Variable
StepSafetyParameters_NodeType_Checksum1_B_CSS_Secondary,15370,Variable
StepSafetyParameters_NodeType_Status_Primary,15371,Variable
StepSafetyParameters_NodeType_Status_Code_Primary,15372,Variable
StepSafetyParameters_NodeType_Status_Secondary,15373,Variable
StepSafetyParameters_NodeType_Status_Code_Secondary,15374,Variable
StepSafetyParameters_NodeType_Checksum2_A_Primary,15375,Variable
StepSafetyParameters_NodeType_Checksum2_B_Primary,15376,Variable
StepSafetyParameters_NodeType_Checksum2_A_Secondary,15377,Variable
StepSafetyParameters_NodeType_Checksum2_B_Secondary,15378,Variable
StepSafetyParameters_NodeType_Command_OpType,15379,Variable
StepSafetyParameters_NodeType_Command_SubOptType,15380,Variable
Item_safety_NodeType_StepSafetyParameters,15381,Object
Item_safety_NodeType_StepSafetyParameters_ActivationParam,15382,Method
Item_safety_NodeType_StepSafetyParameters_Safety_Client_ID,15383,Variable
Item_safety_NodeType_StepSafetyParameters_Scrambled_GID_A,15384,Variable
Item_safety_NodeType_StepSafetyParameters_Scrambled_GID_B,15385,Variable
Item_safety_NodeType_StepSafetyParameters_Freshness_A_Primary,15386,Variable
Item_safety_NodeType_StepSafetyParameters_Freshness_B_Primary,15387,Variable
Item_safety_NodeType_StepSafetyParameters_Freshness_A_Secondary,15388,Variable
Item_safety_NodeType_StepSafetyParameters_Freshness_B_Secondary,15389,Variable
Item_safety_NodeType_StepSafetyParameters_Identification_A_Primary,15390,Variable
Item_safety_NodeType_StepSafetyParameters_Identification_B_Primary,15391,Variable
Item_safety_NodeType_StepSafetyParameters_Identification_A_Secondary,15392,Variable
Item_safety_NodeType_StepSafetyParameters_Identification_B_Secondary,15393,Variable
Item_safety_NodeType_StepSafetyParameters_Checksum1_A_Conf_Primary,15394,Variable
Item_safety_NodeType_StepSafetyParameters_Checksum1_B_Conf_Primary,15395,Variable
Item_safety_NodeType_StepSafetyParameters_Checksum1_A_CSS_Primary,15396,Variable
Item_safety_NodeType_StepSafetyParameters_Checksum1_B_CSS_Primary,15397,Variable
Item_safety_NodeType_StepSafetyParameters_Checksum1_A_Conf_Secondary,15398,Variable
Item_safety_NodeType_StepSafetyParameters_Checksum1_B_Conf_Secondary,15399,Variable
Item_safety_NodeType_StepSafetyParameters_Checksum1_A_CSS_Secondary,15400,Variable
Item_safety_NodeType_StepSafetyParameters_Checksum1_B_CSS_Secondary,15401,Variable
Item_safety_NodeType_StepSafetyParameters_Status_Primary,15402,Variable
Item_safety_NodeType_StepSafetyParameters_Status_Code_Primary,15403,Variable
Item_safety_NodeType_StepSafetyParameters_Status_Secondary,15404,Variable
Item_safety_NodeType_StepSafetyParameters_Status_Code_Secondary,15405,Variable
Item_safety_NodeType_StepSafetyParameters_Checksum2_A_Primary,15406,Variable
Item_safety_NodeType_StepSafetyParameters_Checksum2_B_Primary,15407,Variable
Item_safety_NodeType_StepSafetyParameters_Checksum2_A_Secondary,15408,Variable
Item_safety_NodeType_StepSafetyParameters_Checksum2_B_Secondary,15409,Variable
Item_safety_NodeType_StepSafetyParameters_Command_OpType,15410,Variable
Item_safety_NodeType_StepSafetyParameters_Command_SubOptType,15411,Variable
Items_NodeType_Item3_StepSafetyParameters,15412,Object
Items_NodeType_Item3_StepSafetyParameters_ActivationParam,15413,Method
Items_NodeType_Item3_StepSafetyParameters_Safety_Client_ID,15414,Variable
Items_NodeType_Item3_StepSafetyParameters_Scrambled_GID_A,15415,Variable
Items_NodeType_Item3_StepSafetyParameters_Scrambled_GID_B,15416,Variable
Items_NodeType_Item3_StepSafetyParameters_Freshness_A_Primary,15417,Variable
Items_NodeType_Item3_StepSafetyParameters_Freshness_B_Primary,15418,Variable
Items_NodeType_Item3_StepSafetyParameters_Freshness_A_Secondary,15419,Variable
Items_NodeType_Item3_StepSafetyParameters_Freshness_B_Secondary,15420,Variable
Items_NodeType_Item3_StepSafetyParameters_Identification_A_Primary,15421,Variable
Items_NodeType_Item3_StepSafetyParameters_Identification_B_Primary,15422,Variable
Items_NodeType_Item3_StepSafetyParameters_Identification_A_Secondary,15423,Variable
Items_NodeType_Item3_StepSafetyParameters_Identification_B_Secondary,15424,Variable
Items_NodeType_Item3_StepSafetyParameters_Checksum1_A_Conf_Primary,15425,Variable
Items_NodeType_Item3_StepSafetyParameters_Checksum1_B_Conf_Primary,15426,Variable
Items_NodeType_Item3_StepSafetyParameters_Checksum1_A_CSS_Primary,15427,Variable
Items_NodeType_Item3_StepSafetyParameters_Checksum1_B_CSS_Primary,15428,Variable
Items_NodeType_Item3_StepSafetyParameters_Checksum1_A_Conf_Secondary,15429,Variable
Items_NodeType_Item3_StepSafetyParameters_Checksum1_B_Conf_Secondary,15430,Variable
Items_NodeType_Item3_StepSafetyParameters_Checksum1_A_CSS_Secondary,15431,Variable
Items_NodeType_Item3_StepSafetyParameters_Checksum1_B_CSS_Secondary,15432,Variable
Items_NodeType_Item3_StepSafetyParameters_Status_Primary,15433,Variable
Items_NodeType_Item3_StepSafetyParameters_Status_Code_Primary,15434,Variable
Items_NodeType_Item3_StepSafetyParameters_Status_Secondary,15435,Variable
Items_NodeType_Item3_StepSafetyParameters_Status_Code_Secondary,15436,Variable
Items_NodeType_Item3_StepSafetyParameters_Checksum2_A_Primary,15437,Variable
Items_NodeType_Item3_StepSafetyParameters_Checksum2_B_Primary,15438,Variable
Items_NodeType_Item3_StepSafetyParameters_Checksum2_A_Secondary,15439,Variable
Items_NodeType_Item3_StepSafetyParameters_Checksum2_B_Secondary,15440,Variable
Items_NodeType_Item3_StepSafetyParameters_Command_OpType,15441,Variable
Items_NodeType_Item3_StepSafetyParameters_Command_SubOptType,15442,Variable
Configuration_Items_Item3_StepSafetyParameters,15443,Object
Configuration_Items_Item3_StepSafetyParameters_ActivationParam,15444,Method
Configuration_Items_Item3_StepSafetyParameters_Safety_Client_ID,15445,Variable
Configuration_Items_Item3_StepSafetyParameters_Scrambled_GID_A,15446,Variable
Configuration_Items_Item3_StepSafetyParameters_Scrambled_GID_B,15447,Variable
Configuration_Items_Item3_StepSafetyParameters_Freshness_A_Primary,15448,Variable
Configuration_Items_Item3_StepSafetyParameters_Freshness_B_Primary,15449,Variable
Configuration_Items_Item3_StepSafetyParameters_Freshness_A_Secondary,15450,Variable
Configuration_Items_Item3_StepSafetyParameters_Freshness_B_Secondary,15451,Variable
Configuration_Items_Item3_StepSafetyParameters_Identification_A_Primary,15452,Variable
Configuration_Items_Item3_StepSafetyParameters_Identification_B_Primary,15453,Variable
Configuration_Items_Item3_StepSafetyParameters_Identification_A_Secondary,15454,Variable
Configuration_Items_Item3_StepSafetyParameters_Identification_B_Secondary,15455,Variable
Configuration_Items_Item3_StepSafetyParameters_Checksum1_A_Conf_Primary,15456,Variable
Configuration_Items_Item3_StepSafetyParameters_Checksum1_B_Conf_Primary,15457,Variable
Configuration_Items_Item3_StepSafetyParameters_Checksum1_A_CSS_Primary,15458,Variable
Configuration_Items_Item3_StepSafetyParameters_Checksum1_B_CSS_Primary,15459,Variable
Configuration_Items_Item3_StepSafetyParameters_Checksum1_A_Conf_Secondary,15460,Variable
Configuration_Items_Item3_StepSafetyParameters_Checksum1_B_Conf_Secondary,15461,Variable
Configuration_Items_Item3_StepSafetyParameters_Checksum1_A_CSS_Secondary,15462,Variable
Configuration_Items_Item3_StepSafetyParameters_Checksum1_B_CSS_Secondary,15463,Variable
Configuration_Items_Item3_StepSafetyParameters_Status_Primary,15464,Variable
Configuration_Items_Item3_StepSafetyParameters_Status_Code_Primary,15465,Variable
Configuration_Items_Item3_StepSafetyParameters_Status_Secondary,15466,Variable
Configuration_Items_Item3_StepSafetyParameters_Status_Code_Secondary,15467,Variable
Configuration_Items_Item3_StepSafetyParameters_Checksum2_A_Primary,15468,Variable
Configuration_Items_Item3_StepSafetyParameters_Checksum2_B_Primary,15469,Variable
Configuration_Items_Item3_StepSafetyParameters_Checksum2_A_Secondary,15470,Variable
Configuration_Items,15471,Object
Configuration_Items_Item1,15472,Object
Configuration_Items_Item1_ActivationState,15473,Variable
Configuration_Items_Item1_PreloadState,15474,Variable
Configuration_Items_Item1_ConfigurationItemId,15475,Variable
Configuration_Items_Item1_CurrentVersion,15476,Variable
Configuration_Items_Item1_PreloadedVersion,15477,Variable
Configuration_Items_Item1_PreloadFile,15478,Object
Configuration_Items_Item1_PreloadFile_Size,15479,Variable
Configuration_Items_Item1_PreloadFile_Writable,15480,Variable
Configuration_Items_Item1_PreloadFile_UserWritable,15481,Variable
Configuration_Items_Item1_PreloadFile_OpenCount,15482,Variable
Configuration_Items_Item1_PreloadFile_MimeType,15483,Variable
Configuration_Items_Item1_PreloadFile_Open,15484,Method
Configuration_Items_Item1_PreloadFile_Open_InputArguments,15485,Variable
Configuration_Items_Item1_PreloadFile_Open_OutputArguments,15486,Variable
Configuration_Items_Item1_PreloadFile_Close,15487,Method
Configuration_Items_Item1_PreloadFile_Close_InputArguments,15488,Variable
Configuration_Items_Item1_PreloadFile_Read,15489,Method
Configuration_Items_Item1_PreloadFile_Read_InputArguments,15490,Variable
Configuration_Items_Item1_PreloadFile_Read_OutputArguments,15491,Variable
Configuration_Items_Item1_PreloadFile_Write,15492,Method
Configuration_Items_Item1_PreloadFile_Write_InputArguments,15493,Variable
Configuration_Items_Item1_PreloadFile_GetPosition,15494,Method
Configuration_Items_Item1_PreloadFile_GetPosition_InputArguments,15495,Variable
Configuration_Items_Item1_PreloadFile_GetPosition_OutputArguments,15496,Variable
Configuration_Items_Item1_PreloadFile_SetPosition,15497,Method
Configuration_Items_Item1_PreloadFile_SetPosition_InputArguments,15498,Variable
Configuration_Items_Item1_Signature,15499,Object
Configuration_Items_Item1_Signature_Size,15500,Variable
Configuration_Items_Item1_Signature_Writable,15501,Variable
Configuration_Items_Item1_Signature_UserWritable,15502,Variable
Configuration_Items_Item1_Signature_OpenCount,15503,Variable
Configuration_Items_Item1_Signature_MimeType,15504,Variable
Configuration_Items_Item1_Signature_Open,15505,Method
Configuration_Items_Item1_Signature_Open_InputArguments,15506,Variable
Configuration_Items_Item1_Signature_Open_OutputArguments,15507,Variable
Configuration_Items_Item1_Signature_Close,15508,Method
Configuration_Items_Item1_Signature_Close_InputArguments,15509,Variable
Configuration_Items_Item1_Signature_Read,15510,Method
Configuration_Items_Item1_Signature_Read_InputArguments,15511,Variable
Configuration_Items_Item1_Signature_Read_OutputArguments,15512,Variable
Configuration_Items_Item1_Signature_Write,15513,Method
Configuration_Items_Item1_Signature_Write_InputArguments,15514,Variable
Configuration_Items_Item1_Signature_GetPosition,15515,Method
Configuration_Items_Item1_Signature_GetPosition_InputArguments,15516,Variable
Configuration_Items_Item1_Signature_GetPosition_OutputArguments,15517,Variable
Configuration_Items_Item1_Signature_SetPosition,15518,Method
Configuration_Items_Item1_Signature_SetPosition_InputArguments,15519,Variable
Configuration_Items_Item1_AbortUpdateProcess,15520,Method
Configuration_Items_Item1_Activate,15521,Method
Configuration_Items_Item1_isSafetyRelevant,15522,Variable
Configuration_Items_Item2,15523,Object
Configuration_Items_Item2_ActivationState,15524,Variable
Configuration_Items_Item2_PreloadState,15525,Variable
Configuration_Items_Item2_ConfigurationItemId,15526,Variable
Configuration_Items_Item2_CurrentVersion,15527,Variable
Configuration_Items_Item2_PreloadedVersion,15528,Variable
Configuration_Items_Item2_PreloadFile,15529,Object
Configuration_Items_Item2_PreloadFile_Size,15530,Variable
Configuration_Items_Item2_PreloadFile_Writable,15531,Variable
Configuration_Items_Item2_PreloadFile_UserWritable,15532,Variable
Configuration_Items_Item2_PreloadFile_OpenCount,15533,Variable
Configuration_Items_Item2_PreloadFile_MimeType,15534,Variable
Configuration_Items_Item2_PreloadFile_Open,15535,Method
Configuration_Items_Item2_PreloadFile_Open_InputArguments,15536,Variable
Configuration_Items_Item2_PreloadFile_Open_OutputArguments,15537,Variable
Configuration_Items_Item2_PreloadFile_Close,15538,Method
Configuration_Items_Item2_PreloadFile_Close_InputArguments,15539,Variable
Configuration_Items_Item2_PreloadFile_Read,15540,Method
Configuration_Items_Item2_PreloadFile_Read_InputArguments,15541,Variable
Configuration_Items_Item2_PreloadFile_Read_OutputArguments,15542,Variable
Configuration_Items_Item2_PreloadFile_Write,15543,Method
Configuration_Items_Item2_PreloadFile_Write_InputArguments,15544,Variable
Configuration_Items_Item2_PreloadFile_GetPosition,15545,Method
Configuration_Items_Item2_PreloadFile_GetPosition_InputArguments,15546,Variable
Configuration_Items_Item2_PreloadFile_GetPosition_OutputArguments,15547,Variable
Configuration_Items_Item2_PreloadFile_SetPosition,15548,Method
Configuration_Items_Item2_PreloadFile_SetPosition_InputArguments,15549,Variable
Configuration_Items_Item2_Signature,15550,Object
Configuration_Items_Item2_Signature_Size,15551,Variable
Configuration_Items_Item2_Signature_Writable,15552,Variable
Configuration_Items_Item2_Signature_UserWritable,15553,Variable
Configuration_Items_Item2_Signature_OpenCount,15554,Variable
Configuration_Items_Item2_Signature_MimeType,15555,Variable
Configuration_Items_Item2_Signature_Open,15556,Method
Configuration_Items_Item2_Signature_Open_InputArguments,15557,Variable
Configuration_Items_Item2_Signature_Open_OutputArguments,15558,Variable
Configuration_Items_Item2_Signature_Close,15559,Method
Configuration_Items_Item2_Signature_Close_InputArguments,15560,Variable
Configuration_Items_Item2_Signature_Read,15561,Method
Configuration_Items_Item2_Signature_Read_InputArguments,15562,Variable
Configuration_Items_Item2_Signature_Read_OutputArguments,15563,Variable
Configuration_Items_Item2_Signature_Write,15564,Method
Configuration_Items_Item2_Signature_Write_InputArguments,15565,Variable
Configuration_Items_Item2_Signature_GetPosition,15566,Method
Configuration_Items_Item2_Signature_GetPosition_InputArguments,15567,Variable
Configuration_Items_Item2_Signature_GetPosition_OutputArguments,15568,Variable
Configuration_Items_Item2_Signature_SetPosition,15569,Method
Configuration_Items_Item2_Signature_SetPosition_InputArguments,15570,Variable
Configuration_Items_Item2_AbortUpdateProcess,15571,Method
Configuration_Items_Item2_Activate,15572,Method
Configuration_Items_Item2_isSafetyRelevant,15573,Variable
Configuration_Items_Item3,15574,Object
Configuration_Items_Item3_ActivationState,15575,Variable
Configuration_Items_Item3_PreloadState,15576,Variable
Configuration_Items_Item3_ConfigurationItemId,15577,Variable
Configuration_Items_Item3_CurrentVersion,15578,Variable
Configuration_Items_Item3_PreloadedVersion,15579,Variable
Configuration_Items_Item3_PreloadFile,15580,Object
Configuration_Items_Item3_PreloadFile_Size,15581,Variable
Configuration_Items_Item3_PreloadFile_Writable,15582,Variable
Configuration_Items_Item3_PreloadFile_UserWritable,15583,Variable
Configuration_Items_Item3_PreloadFile_OpenCount,15584,Variable
Configuration_Items_Item3_PreloadFile_MimeType,15585,Variable
Configuration_Items_Item3_PreloadFile_Open,15586,Method
Configuration_Items_Item3_PreloadFile_Open_InputArguments,15587,Variable
Configuration_Items_Item3_PreloadFile_Open_OutputArguments,15588,Variable
Configuration_Items_Item3_PreloadFile_Close,15589,Method
Configuration_Items_Item3_PreloadFile_Close_InputArguments,15590,Variable
Configuration_Items_Item3_PreloadFile_Read,15591,Method
Configuration_Items_Item3_PreloadFile_Read_InputArguments,15592,Variable
Configuration_Items_Item3_PreloadFile_Read_OutputArguments,15593,Variable
Configuration_Items_Item3_PreloadFile_Write,15594,Method
Configuration_Items_Item3_PreloadFile_Write_InputArguments,15595,Variable
Configuration_Items_Item3_PreloadFile_GetPosition,15596,Method
Configuration_Items_Item3_PreloadFile_GetPosition_InputArguments,15597,Variable
Configuration_Items_Item3_PreloadFile_GetPosition_OutputArguments,15598,Variable
Configuration_Items_Item3_PreloadFile_SetPosition,15599,Method
Configuration_Items_Item3_PreloadFile_SetPosition_InputArguments,15600,Variable
Configuration_Items_Item3_Signature,15601,Object
Configuration_Items_Item3_Signature_Size,15602,Variable
Configuration_Items_Item3_Signature_Writable,15603,Variable
Configuration_Items_Item3_Signature_UserWritable,15604,Variable
Configuration_Items_Item3_Signature_OpenCount,15605,Variable
Configuration_Items_Item3_Signature_MimeType,15606,Variable
Configuration_Items_Item3_Signature_Open,15607,Method
Configuration_Items_Item3_Signature_Open_InputArguments,15608,Variable
Configuration_Items_Item3_Signature_Open_OutputArguments,15609,Variable
Configuration_Items_Item3_Signature_Close,15610,Method
Configuration_Items_Item3_Signature_Close_InputArguments,15611,Variable
Configuration_Items_Item3_Signature_Read,15612,Method
Configuration_Items_Item3_Signature_Read_InputArguments,15613,Variable
Configuration_Items_Item3_Signature_Read_OutputArguments,15614,Variable
Configuration_Items_Item3_Signature_Write,15615,Method
Configuration_Items_Item3_Signature_Write_InputArguments,15616,Variable
Configuration_Items_Item3_Signature_GetPosition,15617,Method
Configuration_Items_Item3_Signature_GetPosition_InputArguments,15618,Variable
Configuration_Items_Item3_Signature_GetPosition_OutputArguments,15619,Variable
Configuration_Items_Item3_Signature_SetPosition,15620,Method
Configuration_Items_Item3_Signature_SetPosition_InputArguments,15621,Variable
Configuration_Items_Item3_AbortUpdateProcess,15622,Method
Configuration_Items_Item3_Activate,15623,Method
Configuration_Items_Item3_isSafetyRelevant,15624,Variable
Configuration_Items_MaintainingFinished,15625,Method
Configuration_Items_OperationState,15626,Variable
Item_safety_NodeType_Activate,15627,Method
Item_safety_NodeType_isSafetyRelevant,15628,Variable
Items_NodeType,15629,ObjectType
Items_NodeType_Item1,15630,Object
Items_NodeType_Item1_ActivationState,15631,Variable
Items_NodeType_Item1_PreloadState,15632,Variable
Items_NodeType_Item1_ConfigurationItemId,15633,Variable
Items_NodeType_Item1_CurrentVersion,15634,Variable
Items_NodeType_Item1_PreloadedVersion,15635,Variable
Items_NodeType_Item1_PreloadFile,15636,Object
Items_NodeType_Item1_PreloadFile_Size,15637,Variable
Items_NodeType_Item1_PreloadFile_Writable,15638,Variable
Items_NodeType_Item1_PreloadFile_UserWritable,15639,Variable
Items_NodeType_Item1_PreloadFile_OpenCount,15640,Variable
Items_NodeType_Item1_PreloadFile_MimeType,15641,Variable
Items_NodeType_Item1_PreloadFile_Open,15642,Method
Items_NodeType_Item1_PreloadFile_Open_InputArguments,15643,Variable
Items_NodeType_Item1_PreloadFile_Open_OutputArguments,15644,Variable
Items_NodeType_Item1_PreloadFile_Close,15645,Method
Items_NodeType_Item1_PreloadFile_Close_InputArguments,15646,Variable
Items_NodeType_Item1_PreloadFile_Read,15647,Method
Items_NodeType_Item1_PreloadFile_Read_InputArguments,15648,Variable
Items_NodeType_Item1_PreloadFile_Read_OutputArguments,15649,Variable
Items_NodeType_Item1_PreloadFile_Write,15650,Method
Items_NodeType_Item1_PreloadFile_Write_InputArguments,15651,Variable
Items_NodeType_Item1_PreloadFile_GetPosition,15652,Method
Items_NodeType_Item1_PreloadFile_GetPosition_InputArguments,15653,Variable
Items_NodeType_Item1_PreloadFile_GetPosition_OutputArguments,15654,Variable
Items_NodeType_Item1_PreloadFile_SetPosition,15655,Method
Items_NodeType_Item1_PreloadFile_SetPosition_InputArguments,15656,Variable
Items_NodeType_Item1_Signature,15657,Object
Items_NodeType_Item1_Signature_Size,15658,Variable
Items_NodeType_Item1_Signature_Writable,15659,Variable
Items_NodeType_Item1_Signature_UserWritable,15660,Variable
Items_NodeType_Item1_Signature_OpenCount,15661,Variable
Items_NodeType_Item1_Signature_MimeType,15662,Variable
Items_NodeType_Item1_Signature_Open,15663,Method
Items_NodeType_Item1_Signature_Open_InputArguments,15664,Variable
Items_NodeType_Item1_Signature_Open_OutputArguments,15665,Variable
Items_NodeType_Item1_Signature_Close,15666,Method
Items_NodeType_Item1_Signature_Close_InputArguments,15667,Variable
Items_NodeType_Item1_Signature_Read,15668,Method
Items_NodeType_Item1_Signature_Read_InputArguments,15669,Variable
Items_NodeType_Item1_Signature_Read_OutputArguments,15670,Variable
Items_NodeType_Item1_Signature_Write,15671,Method
Items_NodeType_Item1_Signature_Write_InputArguments,15672,Variable
Items_NodeType_Item1_Signature_GetPosition,15673,Method
Items_NodeType_Item1_Signature_GetPosition_InputArguments,15674,Variable
Items_NodeType_Item1_Signature_GetPosition_OutputArguments,15675,Variable
Items_NodeType_Item1_Signature_SetPosition,15676,Method
Items_NodeType_Item1_Signature_SetPosition_InputArguments,15677,Variable
Items_NodeType_Item1_AbortUpdateProcess,15678,Method
Items_NodeType_Item1_Activate,15679,Method
Items_NodeType_Item1_isSafetyRelevant,15680,Variable
Items_NodeType_Item2,15681,Object
Items_NodeType_Item2_ActivationState,15682,Variable
Items_NodeType_Item2_PreloadState,15683,Variable
Items_NodeType_Item2_ConfigurationItemId,15684,Variable
Items_NodeType_Item2_CurrentVersion,15685,Variable
Items_NodeType_Item2_PreloadedVersion,15686,Variable
Items_NodeType_Item2_PreloadFile,15687,Object
Items_NodeType_Item2_PreloadFile_Size,15688,Variable
Items_NodeType_Item2_PreloadFile_Writable,15689,Variable
Items_NodeType_Item2_PreloadFile_UserWritable,15690,Variable
Items_NodeType_Item2_PreloadFile_OpenCount,15691,Variable
Items_NodeType_Item2_PreloadFile_MimeType,15692,Variable
Items_NodeType_Item2_PreloadFile_Open,15693,Method
Items_NodeType_Item2_PreloadFile_Open_InputArguments,15694,Variable
Items_NodeType_Item2_PreloadFile_Open_OutputArguments,15695,Variable
Items_NodeType_Item2_PreloadFile_Close,15696,Method
Items_NodeType_Item2_PreloadFile_Close_InputArguments,15697,Variable
Items_NodeType_Item2_PreloadFile_Read,15698,Method
Items_NodeType_Item2_PreloadFile_Read_InputArguments,15699,Variable
Items_NodeType_Item2_PreloadFile_Read_OutputArguments,15700,Variable
Items_NodeType_Item2_PreloadFile_Write,15701,Method
Items_NodeType_Item2_PreloadFile_Write_InputArguments,15702,Variable
Items_NodeType_Item2_PreloadFile_GetPosition,15703,Method
Items_NodeType_Item2_PreloadFile_GetPosition_InputArguments,15704,Variable
Items_NodeType_Item2_PreloadFile_GetPosition_OutputArguments,15705,Variable
Items_NodeType_Item2_PreloadFile_SetPosition,15706,Method
Items_NodeType_Item2_PreloadFile_SetPosition_InputArguments,15707,Variable
Items_NodeType_Item2_Signature,15708,Object
Items_NodeType_Item2_Signature_Size,15709,Variable
Items_NodeType_Item2_Signature_Writable,15710,Variable
Items_NodeType_Item2_Signature_UserWritable,15711,Variable
Items_NodeType_Item2_Signature_OpenCount,15712,Variable
Items_NodeType_Item2_Signature_MimeType,15713,Variable
Items_NodeType_Item2_Signature_Open,15714,Method
Items_NodeType_Item2_Signature_Open_InputArguments,15715,Variable
Items_NodeType_Item2_Signature_Open_OutputArguments,15716,Variable
Items_NodeType_Item2_Signature_Close,15717,Method
Items_NodeType_Item2_Signature_Close_InputArguments,15718,Variable
Items_NodeType_Item2_Signature_Read,15719,Method
Items_NodeType_Item2_Signature_Read_InputArguments,15720,Variable
Items_NodeType_Item2_Signature_Read_OutputArguments,15721,Variable
Items_NodeType_Item2_Signature_Write,15722,Method
Items_NodeType_Item2_Signature_Write_InputArguments,15723,Variable
Items_NodeType_Item2_Signature_GetPosition,15724,Method
Items_NodeType_Item2_Signature_GetPosition_InputArguments,15725,Variable
Items_NodeType_Item2_Signature_GetPosition_OutputArguments,15726,Variable
Items_NodeType_Item2_Signature_SetPosition,15727,Method
Items_NodeType_Item2_Signature_SetPosition_InputArguments,15728,Variable
Items_NodeType_Item2_AbortUpdateProcess,15729,Method
Items_NodeType_Item2_Activate,15730,Method
Items_NodeType_Item2_isSafetyRelevant,15731,Variable
Items_NodeType_Item3,15732,Object
Items_NodeType_Item3_ActivationState,15733,Variable
Items_NodeType_Item3_PreloadState,15734,Variable
Items_NodeType_Item3_ConfigurationItemId,15735,Variable
Items_NodeType_Item3_CurrentVersion,15736,Variable
Items_NodeType_Item3_PreloadedVersion,15737,Variable
Items_NodeType_Item3_PreloadFile,15738,Object
Items_NodeType_Item3_PreloadFile_Size,15739,Variable
Items_NodeType_Item3_PreloadFile_Writable,15740,Variable
Items_NodeType_Item3_PreloadFile_UserWritable,15741,Variable
Items_NodeType_Item3_PreloadFile_OpenCount,15742,Variable
Items_NodeType_Item3_PreloadFile_MimeType,15743,Variable
Items_NodeType_Item3_PreloadFile_Open,15744,Method
Items_NodeType_Item3_PreloadFile_Open_InputArguments,15745,Variable
Items_NodeType_Item3_PreloadFile_Open_OutputArguments,15746,Variable
Items_NodeType_Item3_PreloadFile_Close,15747,Method
Items_NodeType_Item3_PreloadFile_Close_InputArguments,15748,Variable
Items_NodeType_Item3_PreloadFile_Read,15749,Method
Items_NodeType_Item3_PreloadFile_Read_InputArguments,15750,Variable
Items_NodeType_Item3_PreloadFile_Read_OutputArguments,15751,Variable
Items_NodeType_Item3_PreloadFile_Write,15752,Method
Items_NodeType_Item3_PreloadFile_Write_InputArguments,15753,Variable
Items_NodeType_Item3_PreloadFile_GetPosition,15754,Method
Items_NodeType_Item3_PreloadFile_GetPosition_InputArguments,15755,Variable
Items_NodeType_Item3_PreloadFile_GetPosition_OutputArguments,15756,Variable
Items_NodeType_Item3_PreloadFile_SetPosition,15757,Method
Items_NodeType_Item3_PreloadFile_SetPosition_InputArguments,15758,Variable
Items_NodeType_Item3_Signature,15759,Object
Items_NodeType_Item3_Signature_Size,15760,Variable
Items_NodeType_Item3_Signature_Writable,15761,Variable
Items_NodeType_Item3_Signature_UserWritable,15762,Variable
Items_NodeType_Item3_Signature_OpenCount,15763,Variable
Items_NodeType_Item3_Signature_MimeType,15764,Variable
Items_NodeType_Item3_Signature_Open,15765,Method
Items_NodeType_Item3_Signature_Open_InputArguments,15766,Variable
Items_NodeType_Item3_Signature_Open_OutputArguments,15767,Variable
Items_NodeType_Item3_Signature_Close,15768,Method
Items_NodeType_Item3_Signature_Close_InputArguments,15769,Variable
Items_NodeType_Item3_Signature_Read,15770,Method
Items_NodeType_Item3_Signature_Read_InputArguments,15771,Variable
Items_NodeType_Item3_Signature_Read_OutputArguments,15772,Variable
Items_NodeType_Item3_Signature_Write,15773,Method
Items_NodeType_Item3_Signature_Write_InputArguments,15774,Variable
Items_NodeType_Item3_Signature_GetPosition,15775,Method
Items_NodeType_Item3_Signature_GetPosition_InputArguments,15776,Variable
Items_NodeType_Item3_Signature_GetPosition_OutputArguments,15777,Variable
Items_NodeType_Item3_Signature_SetPosition,15778,Method
Items_NodeType_Item3_Signature_SetPosition_InputArguments,15779,Variable
Items_NodeType_Item3_AbortUpdateProcess,15780,Method
Items_NodeType_Item3_Activate,15781,Method
Items_NodeType_Item3_isSafetyRelevant,15782,Variable
Items_NodeType_MaintainingFinished,15783,Method
Items_NodeType_OperationState,15784,Variable
RemoteReset_NodeType,15785,ObjectType
RemoteReset_NodeType_RemoteExecution,15786,Method
RemoteReset_NodeType_RemoteExecution_OutputArguments,15787,Variable
RemoteReset_NodeType_Executable,15788,Variable
Configuration_RemoteReset,15789,Object
Configuration_RemoteReset_RemoteExecution,15790,Method
Configuration_RemoteReset_RemoteExecution_OutputArguments,15791,Variable
Configuration_RemoteReset_Executable,15792,Variable
Configuration_Items_Item3_StepSafetyParameters_Checksum2_B_Secondary,15793,Variable
Configuration_Items_Item3_StepSafetyParameters_Command_OpType,15794,Variable
Configuration_Items_Item3_StepSafetyParameters_Command_SubOptType,15795,Variable
